{
  "job_id": "8c49365e-904e-4835-a6e7-d7c4b762c554",
  "prompt": "cube 0",
  "parameters": {
    "seed": 42,
    "steps": 20,
    "guidance_scale": 7.5
  },
  "files": {
    "main": "main.glb",
    "lods": [
      "lod1.glb",
      "lod2.glb"
    ],
    "screenshot": "screenshot.png"
  },
  "metrics": {
    "vertex_count": 8,
    "face_count": 12,
    "edge_count": 36,
    "volume": 8.324007680875292,
    "surface_area": 0.0,
    "bounding_box": {
      "min": [
        -1.1288589155231132,
        -1.1500634625264778,
        -1.3162797784806606
      ],
      "max": [
        1.2729980660894178,
        1.2204402597371526,
        1.2984099310705792
      ],
      "size": [
        2.4018569816125312,
        2.3705037222636305,
        2.61468970955124
      ]
    },
    "is_watertight": true,
    "is_winding_consistent": true,
    "is_empty": false,
    "has_uv_coordinates": false,
    "has_vertex_normals": false,
    "file_size_bytes": 1048,
    "file_size_mb": 0.00099945068359375,
    "loadable": false,
    "triangle_quality": {
      "min_area": 1.208311824803543,
      "max_area": 3.3628940534223997,
      "mean_area": 2.0656914731642275,
      "std_area": 0.5653767307218989
    }
  },
  "status": "completed"
}